flight_number_id,flight_number
1,SG-8709
2,SG-8157
3,I5-764
4,UK-995
5,UK-963
6,UK-945
7,UK-927
8,UK-951
9,G8-334
10,G8-336
11,G8-392
12,G8-338
13,6E-5001
14,6E-6202
15,6E-549
16,6E-6278
17,AI-887
18,AI-665
19,I5-747
20,G8-266
21,G8-101
22,G8-103
23,AI-441
24,6E-5328
25,UK-933
26,6E-2046
27,I5-744
28,SG-8169
29,6E-5041
30,G8-165
31,6E-2373
32,UK-813
33,UK-817
34,UK-819
35,UK-801
36,UK-815
37,AI-453
38,SG-2976
39,AI-504
40,AI-502
41,AI-506
42,AI-803
43,AI-479
44,SG-339
45,UK-955
46,UK-627
47,I5-784
48,AI-9643
49,AI-540
50,AI-429
51,AI-439
52,AI-9645
53,6E-2193
54,6E-2168
55,6E-152
56,6E-369
57,UK-899
58,AI-764
59,UK-747
60,UK-809
61,UK-737
62,6E-2338
63,G8-237
64,UK-871
65,AI-762
66,G8-1404
67,AI-512
68,AI-537
69,UK-977
70,6E-184
71,SG-3002
72,6E-2102
73,AI-801
74,UK-637
75,UK-835
76,AI-531
77,UK-705
78,UK-707
79,UK-673
80,AI-839
81,UK-879
82,G8-191
83,AI-767
84,AI-401
85,AI-473
86,G8-213
87,AI-409
88,UK-837
89,AI-877
90,SG-8803
91,UK-985
92,UK-953
93,G8-346
94,G8-330
95,G8-323
96,6E-218
97,6E-6722
98,AI-868
99,AI-805
100,AI-624
101,G8-188
102,AI-636
103,6E-2022
104,AI-469
105,AI-542
106,AI-560
107,UK-683
108,AI-403
109,6E-2154
110,AI-9843
111,AI-544
112,6E-282
113,UK-859
114,UK-829
115,AI-9857
116,6E-607
117,AI-885
118,SG-2277
119,G8-719
120,G8-119
121,G8-717
122,UK-706
123,AI-465
124,6E-5018
125,UK-839
126,UK-833
127,AI-406
128,AI-9809
129,G8-286
130,UK-847
131,AI-411
132,G8-113
133,SG-8483
134,AI-475
135,6E-181
136,6E-2092
137,AI-9911
138,6E-5063
139,6E-7403
140,UK-855
141,AI-807
142,G8-300
143,AI-811
144,AI-431
145,SG-1089
146,SG-1061
147,SG-1063
148,6E-2054
149,AI-678
150,G8-1010
151,AI-435
152,AI-499
153,AI-9887
154,AI-483
155,G8-357
156,AI-451
157,AI-471
158,SG-1091
159,UK-981
160,UK-975
161,UK-993
162,UK-943
163,UK-941
164,I5-721
165,I5-773
166,G8-199
167,SG-8339
168,AI-481
169,AI-9939
170,UK-811
171,UK-807
172,AI-9915
173,6E-2137
174,6E-2097
175,6E-926
176,AI-415
177,G8-2401
178,UK-727
179,AI-423
180,AI-865
181,6E-2083
182,AI-485
183,6E-5088
184,I5-740
185,I5-482
186,6E-2901
187,6E-6261
188,6E-2013
189,I5-1529
190,I5-741
191,G8-7533
192,G8-7534
193,G8-7535
194,G8-530
195,G8-354
196,G8-2501
197,6E-171
198,I5-788
199,G8-211
200,G8-7553
201,G8-2509
202,G8-194
203,G8-2609
204,6E-2042
205,G8-713
206,I5-798
207,I5-775
208,G8-7541
209,G8-2403
210,G8-203
211,G8-209
212,AI-837
213,I5-881
214,6E-5329
215,6E-2081
216,6E-573
217,AI-491
218,AI-883
219,AI-9609
220,AI-9015
221,SG-9974
222,AI-9017
223,6E-865
224,I5-735
225,6E-2033
226,6E-6245
227,6E-5042
228,SG-8723
229,SG-8701
230,6E-2519
231,6E-153
232,6E-5026
233,6E-5087
234,6E-736
235,AI-861
236,6E-6939
237,6E-6231
238,AI-437
239,6E-212
240,6E-7336
241,6E-6098
242,6E-698
243,UK-812
244,AI-641
245,SG-2643
246,G8-268
247,G8-207
248,G8-404
249,6E-7348
250,6E-2274
251,G8-105
252,G8-2511
253,G8-143
254,6E-2176
255,6E-864
256,G8-108
257,AI-407
258,AI-487
259,G8-107
260,UK-671
261,SG-191
262,6E-2026
263,6E-5175
264,6E-2188
265,6E-654
266,6E-2028
267,I5-548
268,SG-8185
269,SG-8946
270,6E-2471
271,6E-186
272,G8-2513
273,G8-131
274,6E-2147
275,6E-198
276,G8-133
277,6E-6205
278,6E-2247
279,6E-2005
280,I5-767
281,I5-792
282,I5-783
283,AI-459
284,UK-741
285,AI-467
286,SG-143
287,6E-2914
288,6E-788
289,6E-2616
290,6E-2336
291,6E-2131
292,I5-710
293,I5-711
294,SG-8938
295,I5-768
296,G8-171
297,6E-221
298,SG-8721
299,6E-2331
300,SG-8645
301,SG-8171
302,SG-8411
303,SG-8207
304,G8-173
305,I5-779
306,6E-2769
307,6E-5059
308,6E-7407
309,I5-787
310,SG-5007
311,SG-6001
312,SG-534
313,6E-2036
314,I5-550
315,SG-5012
316,SG-8941
317,6E-772
318,6E-967
319,6E-2753
320,UK-721
321,I5-791
322,SG-8910
323,I5-713
324,G8-275
325,G8-422
326,I5-559
327,G8-7549
328,G8-231
329,6E-2343
330,G8-7555
331,G8-145
332,6E-2478
333,6E-2348
334,6E-2082
335,6E-6233
336,6E-2249
337,G8-7542
338,SG-480
339,6E-552
340,6E-951
341,6E-286
342,6E-6264
343,6E-177
344,6E-767
345,6E-5014
346,G8-1171
347,SG-8191
348,6E-2048
349,6E-6612
350,6E-308
351,6E-781
352,SG-8905
353,6E-6565
354,6E-2015
355,SG-197
356,6E-963
357,SG-389
358,AI-889
359,SG-946
360,SG-8480
361,G8-2201
362,6E-353
363,6E-483
364,6E-2106
365,SG-8253
366,6E-912
367,6E-2057
368,6E-6238
369,6E-2485
370,6E-6271
371,6E-2513
372,6E-755
373,6E-2615
374,6E-397
375,SG-8903
376,SG-8187
377,UK-641
378,6E-6195
379,G8-153
380,AI-891
381,6E-2178
382,6E-2032
383,6E-2181
384,6E-6971
385,6E-5031
386,AI-879
387,6E-5073
388,SG-8152
389,6E-2089
390,6E-2329
391,SG-8106
392,6E-2148
393,SG-8263
394,6E-2367
395,6E-2001
396,6E-398
397,6E-889
398,6E-761
399,6E-5012
400,6E-6187
401,6E-2043
402,6E-5336
403,6E-2031
404,6E-2841
405,6E-387
406,AI-9991
407,6E-6171
408,AI-895
409,6E-5003
410,6E-358
411,6E-6613
412,AI-489
413,6E-2109
414,6E-2517
415,6E-6636
416,6E-128
417,SG-1072
418,6E-148
419,G8-423
420,I5-829
421,SG-1074
422,6E-251
423,I5-737
424,6E-5037
425,6E-6096
426,6E-6186
427,6E-2087
428,6E-6198
429,6E-5016
430,6E-307
431,6E-947
432,6E-2016
433,SG-263
434,SG-292
435,6E-546
436,6E-972
437,6E-6197
438,6E-5071
439,G8-151
440,6E-6282
441,SG-8195
442,6E-2843
443,6E-2479
444,SG-958
445,AI-493
446,SG-6027
447,6E-2938
448,6E-2939
449,6E-2346
450,6E-2076
451,6E-2618
452,6E-2107
453,6E-943
454,6E-6023
455,6E-6189
456,6E-635
457,SG-8968
458,SG-8107
459,6E-289
460,6E-2162
461,6E-2169
462,6E-2061
463,SG-1071
464,SG-1056
465,6E-954
466,6E-6739
467,SG-8193
468,SG-8913
469,SG-8103
470,SG-107
471,6E-2719
472,UK-994
473,UK-910
474,G8-339
475,6E-6004
476,6E-2077
477,AI-888
478,AI-867
479,AI-660
480,G8-351
481,AI-442
482,UK-958
483,UK-960
484,SG-8710
485,SG-8158
486,I5-942
487,6E-416
488,UK-940
489,UK-944
490,6E-939
491,6E-168
492,AI-631
493,I5-631
494,UK-996
495,6E-5382
496,6E-6201
497,6E-176
498,6E-6222
499,AI-639
500,AI-649
501,UK-988
502,UK-651
503,UK-863
504,AI-675
505,6E-6234
506,G8-287
507,UK-851
508,AI-651
509,SG-4417
510,UK-613
511,UK-875
512,UK-852
513,6E-574
514,AI-611
515,UK-853
516,G8-349
517,SG-349
518,UK-773
519,6E-5384
520,6E-5392
521,UK-771
522,UK-825
523,AI-673
524,AI-9657
525,AI-681
526,UK-775
527,G8-329
528,G8-327
529,G8-319
530,G8-322
531,6E-6721
532,AI-806
533,AI-809
534,6E-5372
535,G8-365
536,G8-387
537,G8-520
538,G8-511
539,AI-635
540,6E-2047
541,SG-2697
542,UK-970
543,SG-8702
544,UK-928
545,G8-364
546,SG-276
547,AI-774
548,AI-619
549,AI-643
550,UK-823
551,AI-667
552,UK-621
553,UK-865
554,AI-685
555,UK-841
556,AI-683
557,G8-382
558,AI-625
559,G8-575
560,G8-331
561,6E-2172
562,6E-5017
563,AI-687
564,G8-391
565,UK-877
566,6E-213
567,AI-627
568,UK-655
569,AI-637
570,AI-655
571,AI-607
572,G8-383
573,AI-645
574,AI-663
575,AI-570
576,G8-381
577,AI-671
578,G8-2440
579,SG-1092
580,SG-1090
581,SG-1062
582,I5-620
583,G8-2502
584,SG-343
585,AI-688
586,AI-629
587,AI-669
588,AI-9919
589,AI-679
590,SG-1059
591,UK-954
592,UK-930
593,UK-986
594,UK-950
595,UK-902
596,G8-461
597,UK-653
598,UK-873
599,UK-849
600,UK-845
601,UK-857
602,G8-317
603,UK-821
604,UK-827
605,6E-2518
606,6E-5386
607,6E-296
608,AI-864
609,6E-6182
610,I5-330
611,I5-1569
612,6E-248
613,6E-5395
614,UK-861
615,I5-471
616,G8-7536
617,G8-7537
618,G8-7538
619,G8-341
620,G8-345
621,G8-321
622,G8-2508
623,6E-5013
624,I5-678
625,I5-336
626,G8-244
627,G8-2417
628,G8-7546
629,G8-306
630,G8-7545
631,G8-371
632,G8-2411
633,G8-363
634,6E-5376
635,G8-325
636,G8-2606
637,6E-5006
638,6E-154
639,6E-945
640,AI-615
641,AI-695
642,AI-657
643,AI-633
644,I5-941
645,AI-652
646,6E-5361
647,SG-8179
648,6E-5308
649,6E-5047
650,I5-338
651,6E-6515
652,6E-6993
653,6E-5313
654,6E-6084
655,6E-164
656,6E-5381
657,6E-5332
658,6E-138
659,6E-2103
660,6E-439
661,6E-5501
662,6E-821
663,AI-623
664,6E-6029
665,SG-223
666,AI-601
667,G8-398
668,G8-3184
669,6E-5431
670,G8-2504
671,G8-2506
672,AI-603
673,6E-5338
674,6E-5366
675,6E-219
676,6E-6463
677,6E-6258
678,6E-354
679,6E-5209
680,6E-5312
681,6E-236
682,6E-5217
683,6E-5359
684,6E-6109
685,6E-5391
686,I5-423
687,SG-455
688,6E-179
689,SG-488
690,6E-5307
691,6E-5317
692,G8-390
693,6E-5396
694,6E-5202
695,SG-475
696,6E-331
697,6E-6818
698,6E-5375
699,6E-5208
700,6E-6123
701,6E-136
702,6E-5393
703,6E-6051
704,6E-711
705,6E-5316
706,6E-5236
707,G8-2601
708,G8-602
709,G8-7561
710,SG-9923
711,6E-5371
712,6E-7292
713,6E-6809
714,6E-825
715,6E-5352
716,6E-6478
717,6E-6817
718,6E-6293
719,6E-5345
720,6E-739
721,SG-415
722,SG-634
723,6E-461
724,6E-234
725,6E-818
726,6E-448
727,6E-434
728,6E-6094
729,6E-5337
730,6E-907
731,G8-705
732,6E-5343
733,SG-3440
734,6E-395
735,6E-6014
736,6E-6749
737,SG-467
738,6E-6326
739,6E-205
740,6E-5342
741,6E-363
742,SG-241
743,6E-312
744,6E-5302
745,SG-401
746,SG-163
747,SG-251
748,6E-544
749,SG-923
750,6E-519
751,6E-5373
752,SG-611
753,6E-5349
754,6E-6088
755,6E-6475
756,6E-559
757,SG-5018
758,6E-832
759,6E-627
760,SG-5074
761,G8-2605
762,6E-6474
763,6E-227
764,6E-6223
765,SG-5079
766,6E-6086
767,6E-5355
768,6E-533
769,6E-542
770,6E-802
771,SG-487
772,G8-397
773,G8-2607
774,SG-3248
775,6E-932
776,G8-7557
777,G8-347
778,G8-305
779,G8-384
780,6E-5206
781,6E-6206
782,6E-5214
783,6E-5368
784,6E-5379
785,6E-5398
786,SG-6003
787,SG-5019
788,G8-303
789,AI-9030
790,6E-6292
791,6E-911
792,I5-996
793,UK-820
794,UK-802
795,6E-6139
796,6E-2514
797,6E-2027
798,6E-2174
799,6E-2034
800,AI-505
801,AI-501
802,AI-503
803,I5-1566
804,G8-405
805,G8-873
806,G8-385
807,SG-136
808,I5-1528
809,6E-2186
810,AI-804
811,UK-810
812,AI-808
813,I5-749
814,AI-523
815,UK-808
816,UK-816
817,UK-818
818,I5-1982
819,I5-1426
820,UK-858
821,6E-6104
822,I5-2392
823,AI-640
824,6E-436
825,UK-657
826,G8-283
827,AI-573
828,6E-6257
829,SG-4009
830,I5-592
831,SG-531
832,6E-276
833,6E-6753
834,UK-850
835,G8-395
836,6E-484
837,6E-6535
838,SG-209
839,6E-415
840,6E-6491
841,6E-7223
842,UK-854
843,6E-702
844,G8-320
845,6E-886
846,I5-992
847,SG-3027
848,6E-528
849,6E-6067
850,I5-1229
851,AI-9501
852,AI-9517
853,G8-803
854,UK-755
855,SG-198
856,I5-892
857,I5-589
858,6E-2337
859,6E-455
860,6E-807
861,6E-6393
862,AI-507
863,AI-9876
864,6E-6339
865,I5-1621
866,I5-819
867,G8-146
868,AI-9505
869,AI-9547
870,SG-768
871,G8-116
872,G8-118
873,I5-1782
874,G8-312
875,SG-4005
876,AI-9927
877,SG-517
878,SG-327
879,UK-867
880,6E-6802
881,SG-3023
882,AI-565
883,SG-5013
884,SG-5002
885,SG-535
886,I5-410
887,I5-1780
888,I5-2472
889,G8-791
890,AI-516
891,AI-610
892,AI-748
893,AI-738
894,AI-9925
895,G8-285
896,UK-814
897,6E-2025
898,6E-6386
899,I5-972
900,UK-897
901,UK-893
902,UK-864
903,UK-846
904,UK-866
905,AI-9931
906,I5-5405
907,I5-5402
908,I5-1321
909,I5-722
910,6E-855
911,6E-638
912,6E-426
913,I5-818
914,I5-1427
915,I5-991
916,I5-1561
917,I5-820
918,I5-2461
919,I5-1451
920,SG-5006
921,I5-1783
922,I5-1576
923,I5-1228
924,I5-1983
925,I5-1731
926,I5-1562
927,I5-339
928,G8-808
929,G8-7547
930,G8-7548
931,G8-241
932,G8-2231
933,G8-7543
934,G8-399
935,G8-518
936,6E-747
937,G8-510
938,6E-232
939,6E-708
940,6E-2053
941,SG-468
942,6E-684
943,I5-1540
944,I5-1530
945,I5-334
946,6E-543
947,6E-6178
948,G8-294
949,G8-815
950,SG-516
951,6E-6876
952,6E-408
953,AI-776
954,SG-438
955,SG-635
956,6E-469
957,6E-537
958,6E-869
959,6E-6247
960,6E-871
961,6E-735
962,6E-5007
963,SG-8906
964,G8-374
965,G8-401
966,G8-403
967,SG-3233
968,SG-3719
969,6E-7257
970,SG-3725
971,AI-604
972,I5-736
973,AI-772
974,G8-292
975,AI-564
976,G8-805
977,G8-801
978,AI-583
979,6E-113
980,6E-5365
981,6E-5323
982,6E-131
983,6E-7227
984,6E-295
985,6E-6345
986,6E-161
987,6E-5203
988,6E-5389
989,6E-841
990,6E-541
991,I5-1622
992,6E-6017
993,6E-6445
994,6E-5399
995,6E-6517
996,SG-5072
997,6E-379
998,G8-790
999,6E-806
1000,6E-357
1001,6E-332
1002,6E-6212
1003,6E-6464
1004,6E-5344
1005,I5-1454
1006,G8-812
1007,G8-7559
1008,6E-309
1009,6E-5303
1010,6E-6085
1011,6E-6479
1012,6E-488
1013,6E-738
1014,6E-5305
1015,6E-356
1016,6E-6012
1017,6E-6825
1018,6E-575
1019,6E-6269
1020,6E-975
1021,6E-6572
1022,6E-503
1023,6E-201
1024,6E-676
1025,6E-897
1026,6E-246
1027,6E-6798
1028,I5-1564
1029,6E-959
1030,6E-255
1031,6E-457
1032,6E-952
1033,I5-5204
1034,SG-5073
1035,6E-146
1036,6E-172
1037,6E-409
1038,6E-524
1039,SG-5092
1040,6E-978
1041,6E-442
1042,6E-368
1043,6E-969
1044,6E-7204
1045,SG-5093
1046,SG-5025
1047,6E-7071
1048,6E-478
1049,SG-1031
1050,SG-8264
1051,I5-582
1052,I5-2473
1053,I5-1563
1054,6E-2009
1055,G8-519
1056,6E-751
1057,6E-487
1058,6E-224
1059,6E-6513
1060,6E-7177
1061,AI-402
1062,AI-768
1063,6E-7234
1064,I5-588
1065,6E-854
1066,6E-898
1067,6E-135
1068,UK-778
1069,6E-6172
1070,AI-721
1071,6E-715
1072,SG-3229
1073,SG-337
1074,6E-6488
1075,6E-599
1076,6E-394
1077,G8-102
1078,6E-404
1079,AI-676
1080,UK-772
1081,6E-417
1082,AI-773
1083,UK-776
1084,6E-994
1085,SG-4027
1086,6E-6021
1087,UK-774
1088,SG-4031
1089,AI-765
1090,6E-6785
1091,6E-634
1092,G8-227
1093,SG-8130
1094,AI-763
1095,AI-770
1096,SG-9911
1097,G8-512
1098,6E-6214
1099,6E-6344
1100,6E-6324
1101,UK-738
1102,6E-895
1103,I5-547
1104,I5-552
1105,6E-139
1106,6E-566
1107,AI-9745
1108,SG-3281
1109,UK-720
1110,6E-7561
1111,I5-319
1112,6E-7583
1113,6E-512
1114,SG-4025
1115,6E-261
1116,6E-961
1117,AI-787
1118,SG-3839
1119,6E-496
1120,6E-6623
1121,SG-1077
1122,6E-2474
1123,6E-6917
1124,6E-811
1125,6E-2127
1126,6E-6616
1127,AI-424
1128,AI-9741
1129,6E-7623
1130,AI-9755
1131,I5-2991
1132,G8-393
1133,AI-526
1134,AI-745
1135,6E-7264
1136,UK-708
1137,6E-294
1138,AI-732
1139,G8-789
1140,AI-747
1141,G8-792
1142,6E-6891
1143,6E-875
1144,6E-2516
1145,6E-757
1146,AI-9720
1147,6E-375
1148,AI-9929
1149,AI-729
1150,6E-6965
1151,6E-563
1152,AI-713
1153,AI-715
1154,I5-583
1155,I5-5406
1156,6E-318
1157,6E-123
1158,6E-245
1159,I5-830
1160,G8-537
1161,G8-532
1162,G8-125
1163,G8-295
1164,G8-626
1165,6E-6087
1166,G8-787
1167,G8-7562
1168,G8-7560
1169,6E-893
1170,AI-781
1171,SG-1058
1172,AI-743
1173,G8-297
1174,6E-856
1175,6E-6717
1176,6E-7115
1177,6E-713
1178,G8-299
1179,6E-2008
1180,SG-254
1181,SG-264
1182,6E-6121
1183,6E-7202
1184,6E-7147
1185,6E-798
1186,AI-780
1187,6E-759
1188,G8-676
1189,SG-3723
1190,SG-649
1191,SG-3321
1192,AI-775
1193,AI-771
1194,6E-192
1195,SG-489
1196,6E-6227
1197,6E-5327
1198,6E-7175
1199,SG-406
1200,SG-242
1201,SG-387
1202,SG-679
1203,6E-725
1204,SG-5088
1205,SG-732
1206,G8-704
1207,SG-3564
1208,6E-6597
1209,6E-7114
1210,SG-366
1211,6E-892
1212,G8-701
1213,6E-134
1214,6E-716
1215,6E-822
1216,6E-966
1217,6E-534
1218,I5-371
1219,I5-510
1220,6E-345
1221,6E-7713
1222,6E-989
1223,6E-268
1224,SG-5091
1225,SG-5075
1226,SG-274
1227,6E-6128
1228,6E-958
1229,6E-292
1230,I5-541
1231,6E-271
1232,I5-360
1233,I5-556
1234,6E-374
1235,6E-321
1236,6E-6926
1237,6E-207
1238,SG-3832
1239,SG-3835
1240,6E-6444
1241,6E-6741
1242,SG-2508
1243,SG-5067
1244,I5-1543
1245,UK-880
1246,I5-1517
1247,SG-3283
1248,6E-2248
1249,6E-643
1250,6E-913
1251,6E-7136
1252,I5-1518
1253,AI-9518
1254,AI-9891
1255,AI-9881
1256,6E-7076
1257,SG-4003
1258,6E-2456
1259,6E-6684
1260,UK-860
1261,UK-890
1262,UK-870
1263,AI-698
1264,6E-2093
1265,UK-830
1266,AI-543
1267,AI-9875
1268,UK-876
1269,6E-6307
1270,6E-6737
1271,AI-9885
1272,AI-840
1273,AI-9893
1274,6E-7121
1275,I5-517
1276,6E-6467
1277,G8-123
1278,SG-390
1279,6E-7156
1280,AI-508
1281,6E-6277
1282,6E-269
1283,AI-525
1284,AI-9928
1285,G8-661
1286,SG-5069
1287,AI-838
1288,AI-541
1289,G8-424
1290,6E-3211
1291,6E-7271
1292,UK-878
1293,AI-9921
1294,AI-515
1295,I5-974
1296,6E-6865
1297,AI-559
1298,UK-874
1299,UK-659
1300,UK-898
1301,UK-894
1302,6E-2349
1303,6E-3214
1304,6E-982
1305,6E-6062
1306,6E-6553
1307,I5-766
1308,G8-7556
1309,G8-426
1310,G8-509
1311,G8-515
1312,G8-571
1313,G8-625
1314,G8-681
1315,G8-506
1316,G8-513
1317,G8-517
1318,6E-2763
1319,AI-616
1320,AI-420
1321,6E-695
1322,6E-7307
1323,6E-938
1324,6E-621
1325,6E-6915
1326,6E-2069
1327,6E-5176
1328,6E-595
1329,G8-551
1330,AI-546
1331,AI-620
1332,6E-866
1333,6E-6294
1334,6E-2511
1335,G8-813
1336,SG-3728
1337,6E-5369
1338,6E-5211
1339,6E-5218
1340,6E-6433
1341,6E-905
1342,6E-793
1343,6E-5207
1344,6E-992
1345,6E-743
1346,G8-504
1347,6E-132
1348,6E-903
1349,6E-5358
1350,6E-199
1351,G8-501
1352,6E-6106
1353,6E-6268
1354,6E-453
1355,6E-584
1356,6E-884
1357,G8-121
1358,G8-503
1359,G8-505
1360,G8-806
1361,6E-6319
1362,6E-371
1363,6E-285
1364,6E-7224
1365,6E-6066
1366,6E-413
1367,6E-531
1368,6E-514
1369,6E-6151
1370,6E-827
1371,6E-6505
1372,6E-157
1373,6E-7298
1374,AI-9937
1375,6E-949
1376,6E-102
1377,6E-668
1378,6E-7201
1379,6E-7211
1380,6E-6007
1381,6E-6216
1382,6E-121
1383,6E-887
1384,6E-151
1385,6E-6417
1386,G8-962
1387,6E-809
1388,6E-283
1389,6E-944
1390,SG-3831
1391,6E-6593
1392,6E-384
1393,6E-6358
1394,6E-922
1395,6E-425
1396,6E-6366
1397,6E-149
1398,6E-6893
1399,SG-731
1400,6E-266
1401,6E-995
1402,SG-5094
1403,6E-6211
1404,6E-879
1405,6E-6242
1406,6E-165
1407,6E-6719
1408,6E-6148
1409,6E-882
1410,6E-208
1411,SG-3239
1412,6E-438
1413,6E-626
1414,6E-6591
1415,6E-7062
1416,6E-752
1417,6E-7118
1418,SG-6018
1419,6E-6174
1420,6E-6781
1421,6E-7221
1422,6E-7293
1423,6E-2752
1424,6E-613
1425,AI-539
1426,SG-612
1427,SG-4010
1428,6E-847
1429,6E-605
1430,6E-6137
1431,UK-838
1432,AI-538
1433,6E-5002
1434,6E-2065
1435,AI-766
1436,UK-836
1437,6E-591
1438,UK-832
1439,6E-5038
1440,6E-2062
1441,SG-520
1442,6E-6219
1443,SG-678
1444,6E-6006
1445,AI-430
1446,AI-549
1447,AI-9894
1448,AI-440
1449,AI-672
1450,6E-495
1451,SG-8108
1452,I5-5205
1453,SG-329
1454,SG-8104
1455,6E-515
1456,AI-569
1457,UK-834
1458,UK-822
1459,UK-824
1460,SG-1057
1461,6E-796
1462,UK-826
1463,UK-828
1464,6E-6567
1465,6E-193
1466,6E-6113
1467,6E-6217
1468,6E-489
1469,I5-821
1470,G8-302
1471,G8-304
1472,I5-1531
1473,I5-557
1474,SG-1054
1475,I5-1727
1476,G8-451
1477,6E-6215
1478,6E-562
1479,6E-319
1480,6E-917
1481,6E-156
1482,I5-2462
1483,I5-361
1484,6E-998
1485,6E-6309
1486,6E-581
1487,AI-545
1488,6E-6815
1489,G8-911
1490,6E-7195
1491,SG-395
1492,G8-917
1493,6E-2007
1494,AI-551
1495,AI-563
1496,6E-588
1497,6E-126
1498,6E-5367
1499,6E-5347
1500,6E-7288
1501,6E-5394
1502,6E-188
1503,6E-6111
1504,6E-929
1505,6E-782
1506,SG-6006
1507,SG-6005
1508,6E-5331
1509,6E-927
1510,G8-9110
1511,6E-5325
1512,6E-7084
1513,6E-7193
1514,6E-6095
1515,6E-274
1516,6E-727
1517,6E-7329
1518,AI-509
1519,6E-365
1520,6E-7587
1521,SG-1032
1522,6E-881
1523,6E-987
1524,6E-477
1525,6E-327
1526,6E-6381
1527,6E-7149
1528,6E-7589
1529,6E-6016
1530,6E-606
1531,6E-183
1532,SG-388
1533,6E-539
1534,6E-2685
1535,6E-502
1536,6E-848
1537,6E-6213
1538,6E-244
1539,SG-5068
1540,6E-401
1541,SG-6016
1542,6E-561
1543,6E-6183
1544,6E-6897
1545,6E-298
1546,6E-973
1547,6E-105
1548,6E-611
1549,6E-7261
1550,6E-7216
1551,6E-7185
1552,6E-804
1553,6E-7183
1554,SG-6017
1555,6E-7208
1556,6E-7252
1557,6E-7141
1558,6E-557
1559,6E-7127
1560,6E-7259
1561,AI-433
